{
  "ClarityDetails": [
    {
      "ClarityID": 1,
      "LinesAdded": "65",
      "LinesDeleted": "5",
      "ApplicationDetails": [
        {
          "ApplicationName": "Ordering",
          "LinesAdded": "15",
          "LinesDeleted": "0",

          "JIRADetails": [
            {
              "JIRA_ID": "EXS1517",
              "LinesAdded": "10",
              "LinesDeleted": "0",
              "DeveloperName": "Abdul",
              "DeveloperVZID": "VXXX"

            },
            {
              "JIRA_ID": "EXS1518",
              "LinesAdded": "5",
              "LinesDeleted": "0",
              "DeveloperName": "Mani",
              "DeveloperVZID": "VXXX"

            }
          ]

        },
        {
          "ApplicationName": "Billing",
          "LinesAdded": "50",
          "LinesDeleted": "5",

          "JIRADetails": [
            {
              "JIRA_ID": "EXS1519",
              "LinesAdded": "20",
              "LinesDeleted": "3",
              "DeveloperName": "Karthik",
              "DeveloperVZID": "VXXX"

            },
            {
              "JIRA_ID": "EXS1520",
              "LinesAdded": "30",
              "LinesDeleted": "2",
              "DeveloperName": "Vinoth",
              "DeveloperVZID": "VXXX"

            }
          ]

        }
      ]

    },
    {
      "ClarityID": 2,
      "LinesAdded": "70",
      "LinesDeleted": "0",
      "ApplicationDetails": [
        {
          "ApplicationName": "Ordering",
          "LinesAdded": "20",
          "LinesDeleted": "0",

          "JIRADetails": [
            {
              "JIRA_ID": "EXS1617",
              "LinesAdded": "10",
              "LinesDeleted": "0",
              "DeveloperName": "Abdul",
              "DeveloperVZID": "VXXX"

            },
            {
              "JIRA_ID": "EXS1618",
              "LinesAdded": "10",
              "LinesDeleted": "0",
              "DeveloperName": "Mani",
              "DeveloperVZID": "VXXX"

            }
          ]

        },
        {
          "ApplicationName": "Billing",
          "LinesAdded": "50",
          "LinesDeleted": "0",

          "JIRADetails": [
            {
              "JIRA_ID": "EXS1619",
              "LinesAdded": "20",
              "LinesDeleted": "0",
              "DeveloperName": "Karthik",
              "DeveloperVZID": "VXXX"

            },
            {
              "JIRA_ID": "EXS1620",
              "LinesAdded": "30",
              "LinesDeleted": "0",
              "DeveloperName": "Vinoth",
              "DeveloperVZID": "VXXX"

            }
          ]

        }
      ]

    }
  ],
      
   "status": "SUCCESS"
} 